{"materials":[{"id":688,"path":"Resources/unity_builtin_extra\\Default-Skybox","assetBundleId":-2,"data":["Default-Skybox",0,150,1000,0,[["_SunDisk",1],["_SunSize",0.0399999991059303],["_SunSizeConvergence",5],["_AtmosphereThickness",1],["_Exposure",1.29999995231628]],[["_SkyTint",0.5,0.5,0.5,1],["_GroundColor",0.368999987840652,0.349000006914139,0.340999990701675,1]],[],[],[["_SUNDISK_SIMPLE",1]]]},{"id":438,"path":"Resources/unity_builtin_extra\\Sprites-Default","assetBundleId":-2,"data":["Sprites-Default",0,28,3000,0,[["PixelSnap",0],["_EnableExternalAlpha",0]],[["_Color",1,1,1,1],["_RendererColor",1,1,1,1]],[["_MainTex_ST",1,1,0,0],["_Flip",1,1,1,1],["_AlphaTex_ST",1,1,0,0]],[["_MainTex",null,null],["_AlphaTex",null,null]],[]]}],"shaders":[{"id":150,"assetBundleId":-2,"data":[[],"Skybox/Procedural",null,["_SUNDISK_HIGH_QUALITY","_SUNDISK_NONE","_SUNDISK_SIMPLE","STEREO_CUBEMAP_RENDER_ON","STEREO_INSTANCING_ON","STEREO_MULTIVIEW_ON","UNITY_SINGLE_PASS_STEREO"],[[0,0,"",0,"",0,[4,null],[0,null],[0,null],[[1,null],[0,null],[0,null]],[[1,null],[0,null],[0,null]],[15,null],[0,null],[0,null],[0,null],[255,null],[255,null],[[0,null],[0,null],[0,null],[8,null]],[[0,null],[0,null],[0,null],[8,null]],[[0,null],[0,null],[0,null],[8,null]],[["PreviewType","Skybox"],["QUEUE","Background"],["RenderType","Background"]],["STEREO_CUBEMAP_RENDER_ON","STEREO_INSTANCING_ON","STEREO_MULTIVIEW_ON","UNITY_SINGLE_PASS_STEREO","_SUNDISK_HIGH_QUALITY","_SUNDISK_NONE","_SUNDISK_SIMPLE"],[],[],[],0]],[],[["_SunDisk",2,2,0,0,0,"",0],["_SunSize",3,0.0399999991059303,0,1,0,"",0],["_SunSizeConvergence",3,5,1,10,0,"",0],["_AtmosphereThickness",3,1,0,5,0,"",0],["_SkyTint",0,0.5,0.5,0.5,1,"",0],["_GroundColor",0,0.368999987840652,0.349000006914139,0.340999990701675,1,"",0],["_Exposure",3,1.29999995231628,0,8,0,"",0]],null,null,0,0,0]},{"id":108,"assetBundleId":-2,"data":[[],"Legacy Shaders/Transparent/Bumped Diffuse",null,["DIRECTIONAL","DIRLIGHTMAP_COMBINED","FOG_EXP","FOG_EXP2","FOG_LINEAR","LIGHTMAP_ON","LIGHTPROBE_SH","VERTEXLIGHT_ON","DIRECTIONAL_COOKIE","POINT","POINT_COOKIE","SPOT","DYNAMICLIGHTMAP_ON","INSTANCING_ON","LIGHTMAP_SHADOW_MIXING","STEREO_CUBEMAP_RENDER_ON","STEREO_INSTANCING_ON","STEREO_MULTIVIEW_ON","UNITY_SINGLE_PASS_STEREO","__"],[[0,0,"FORWARD",4,"",0,[4,null],[0,null],[2,null],[[5,null],[10,null],[0,null]],[[5,null],[10,null],[0,null]],[14,null],[0,null],[0,null],[0,null],[255,null],[255,null],[[0,null],[0,null],[0,null],[8,null]],[[0,null],[0,null],[0,null],[8,null]],[[0,null],[0,null],[0,null],[8,null]],[["IGNOREPROJECTOR","true"],["LIGHTMODE","FORWARDBASE"],["QUEUE","Transparent"],["RenderType","Transparent"]],["DIRECTIONAL","DIRLIGHTMAP_COMBINED","DYNAMICLIGHTMAP_ON","FOG_EXP","FOG_EXP2","FOG_LINEAR","INSTANCING_ON","LIGHTMAP_ON","LIGHTMAP_SHADOW_MIXING","LIGHTPROBE_SH","STEREO_CUBEMAP_RENDER_ON","STEREO_INSTANCING_ON","STEREO_MULTIVIEW_ON","UNITY_SINGLE_PASS_STEREO","VERTEXLIGHT_ON","__"],[],[],[],0],[1,0,"FORWARD",5,"",0,[4,null],[0,null],[2,null],[[5,null],[1,null],[0,null]],[[5,null],[1,null],[0,null]],[14,null],[0,null],[0,null],[0,null],[255,null],[255,null],[[0,null],[0,null],[0,null],[8,null]],[[0,null],[0,null],[0,null],[8,null]],[[0,null],[0,null],[0,null],[8,null]],[["IGNOREPROJECTOR","true"],["LIGHTMODE","FORWARDADD"],["QUEUE","Transparent"],["RenderType","Transparent"]],["DIRECTIONAL","DIRECTIONAL_COOKIE","FOG_EXP","FOG_EXP2","FOG_LINEAR","POINT","POINT_COOKIE","SPOT","STEREO_CUBEMAP_RENDER_ON","STEREO_INSTANCING_ON","STEREO_MULTIVIEW_ON","UNITY_SINGLE_PASS_STEREO","__"],[],[],[],0]],[],[["_Color",0,1,1,1,1,"",0],["_MainTex",4,0,0,0,0,"white",0],["_BumpMap",4,0,0,0,0,"bump",0]],0,106,0,0,0]},{"id":176,"assetBundleId":-2,"data":[[],"Sprites/Diffuse",null,["DIRECTIONAL","LIGHTPROBE_SH","PIXELSNAP_ON","SHADOWS_SCREEN","VERTEXLIGHT_ON","DIRECTIONAL_COOKIE","POINT","POINT_COOKIE","SPOT","ETC1_EXTERNAL_ALPHA","LIGHTMAP_SHADOW_MIXING","STEREO_CUBEMAP_RENDER_ON","STEREO_INSTANCING_ON","STEREO_MULTIVIEW_ON","UNITY_SINGLE_PASS_STEREO","_"],[[0,0,"FORWARD",4,"",0,[4,null],[0,null],[0,null],[[1,null],[10,null],[0,null]],[[1,null],[10,null],[0,null]],[15,null],[0,null],[0,null],[0,null],[255,null],[255,null],[[0,null],[0,null],[0,null],[8,null]],[[0,null],[0,null],[0,null],[8,null]],[[0,null],[0,null],[0,null],[8,null]],[["CanUseSpriteAtlas","true"],["IGNOREPROJECTOR","true"],["LIGHTMODE","FORWARDBASE"],["PreviewType","Plane"],["QUEUE","Transparent"],["RenderType","Transparent"],["SHADOWSUPPORT","true"]],["DIRECTIONAL","ETC1_EXTERNAL_ALPHA","LIGHTMAP_SHADOW_MIXING","LIGHTPROBE_SH","PIXELSNAP_ON","SHADOWS_SCREEN","STEREO_CUBEMAP_RENDER_ON","STEREO_INSTANCING_ON","STEREO_MULTIVIEW_ON","UNITY_SINGLE_PASS_STEREO","VERTEXLIGHT_ON","_"],[],[[0,0,["DIRECTIONAL","LIGHTPROBE_SH"],0,1,0,0],[0,0,["DIRECTIONAL","LIGHTPROBE_SH"],2,3,1,0]],[],0],[1,0,"FORWARD",5,"",0,[4,null],[0,null],[0,null],[[1,null],[1,null],[0,null]],[[1,null],[1,null],[0,null]],[15,null],[0,null],[0,null],[0,null],[255,null],[255,null],[[0,null],[0,null],[0,null],[8,null]],[[0,null],[0,null],[0,null],[8,null]],[[0,null],[0,null],[0,null],[8,null]],[["CanUseSpriteAtlas","true"],["IGNOREPROJECTOR","true"],["LIGHTMODE","FORWARDADD"],["PreviewType","Plane"],["QUEUE","Transparent"],["RenderType","Transparent"]],["DIRECTIONAL","DIRECTIONAL_COOKIE","ETC1_EXTERNAL_ALPHA","PIXELSNAP_ON","POINT","POINT_COOKIE","SPOT","STEREO_CUBEMAP_RENDER_ON","STEREO_INSTANCING_ON","STEREO_MULTIVIEW_ON","UNITY_SINGLE_PASS_STEREO","_"],[],[],[],0]],[],[["_MainTex",4,0,0,0,0,"white",2],["_Color",0,1,1,1,1,"",0],["PixelSnap",2,0,0,0,0,"",0],["_RendererColor",0,1,1,1,1,"",1],["_Flip",1,1,1,1,1,"",1],["_AlphaTex",4,0,0,0,0,"white",2],["_EnableExternalAlpha",2,0,0,0,0,"",2]],0,104,0,0,0]},{"id":174,"assetBundleId":-2,"data":[[],"Particles/Standard Unlit",null,["SHADOWS_DEPTH","_ALPHABLEND_ON","_ALPHAMODULATE_ON","_ALPHAPREMULTIPLY_ON","_ALPHATEST_ON","_COLORADDSUBDIFF_ON","_COLORCOLOR_ON","_COLOROVERLAY_ON","_REQUIRE_UV2","FOG_EXP","FOG_EXP2","FOG_LINEAR","_EMISSION","_FADING_ON","_NORMALMAP","INSTANCING_ON","PROCEDURAL_INSTANCING_ON","SHADOWS_CUBE","STEREO_CUBEMAP_RENDER_ON","STEREO_INSTANCING_ON","STEREO_MULTIVIEW_ON","UNITY_SINGLE_PASS_STEREO","__","_","EFFECT_BUMP","SOFTPARTICLES_ON"],[[0,0,"",0,"_GrabTexture",0,[0,null],[0,null],[0,null],[[1,null],[0,null],[0,null]],[[1,null],[0,null],[0,null]],[15,null],[0,null],[0,null],[0,null],[0,null],[0,null],[[0,null],[0,null],[0,null],[0,null]],[[0,null],[0,null],[0,null],[0,null]],[[0,null],[0,null],[0,null],[0,null]],[["LIGHTMODE","GRABPASS"]],[],[],[],[],0],[1,0,"ShadowCaster",8,"",0,[4,null],[1,null],[0,null],[[1,null],[0,null],[0,null]],[[1,null],[0,null],[0,null]],[14,null],[0,null],[0,null],[0,null],[255,null],[255,null],[[0,null],[0,null],[0,null],[8,null]],[[0,null],[0,null],[0,null],[8,null]],[[0,null],[0,null],[0,null],[8,null]],[["IGNOREPROJECTOR","true"],["LIGHTMODE","SHADOWCASTER"],["PerformanceChecks","False"],["PreviewType","Plane"],["RenderType","Opaque"],["SHADOWSUPPORT","true"]],["INSTANCING_ON","PROCEDURAL_INSTANCING_ON","SHADOWS_CUBE","SHADOWS_DEPTH","STEREO_CUBEMAP_RENDER_ON","STEREO_INSTANCING_ON","STEREO_MULTIVIEW_ON","UNITY_SINGLE_PASS_STEREO","_ALPHABLEND_ON","_ALPHAMODULATE_ON","_ALPHAPREMULTIPLY_ON","_ALPHATEST_ON","_COLORADDSUBDIFF_ON","_COLORCOLOR_ON","_COLOROVERLAY_ON","_REQUIRE_UV2","__","_"],[],[],[],0],[4,0,"",0,"",0,[4,null],[0,"_ZWrite"],[0,"_Cull"],[[0,"_SrcBlend"],[0,"_DstBlend"],[0,"_BlendOp"]],[[0,"_SrcBlend"],[0,"_DstBlend"],[0,"_BlendOp"]],[14,null],[0,null],[0,null],[0,null],[255,null],[255,null],[[0,null],[0,null],[0,null],[8,null]],[[0,null],[0,null],[0,null],[8,null]],[[0,null],[0,null],[0,null],[8,null]],[["IGNOREPROJECTOR","true"],["PerformanceChecks","False"],["PreviewType","Plane"],["RenderType","Opaque"]],["EFFECT_BUMP","FOG_EXP","FOG_EXP2","FOG_LINEAR","INSTANCING_ON","PROCEDURAL_INSTANCING_ON","SOFTPARTICLES_ON","STEREO_CUBEMAP_RENDER_ON","STEREO_INSTANCING_ON","STEREO_MULTIVIEW_ON","UNITY_SINGLE_PASS_STEREO","_ALPHABLEND_ON","_ALPHAMODULATE_ON","_ALPHAPREMULTIPLY_ON","_ALPHATEST_ON","_COLORADDSUBDIFF_ON","_COLORCOLOR_ON","_COLOROVERLAY_ON","_EMISSION","_FADING_ON","_NORMALMAP","_REQUIRE_UV2","__","_"],[],[[4,0,["_ALPHABLEND_ON","_FADING_ON"],4,5,0,0],[4,0,["_ALPHABLEND_ON","_FADING_ON"],6,7,1,0]],[],0]],[],[["_MainTex",4,0,0,0,0,"white",0],["_Color",0,1,1,1,1,"",0],["_Cutoff",3,0.5,0,1,0,"",0],["_BumpScale",2,1,0,0,0,"",0],["_BumpMap",4,0,0,0,0,"bump",0],["_EmissionColor",0,0,0,0,1,"",0],["_EmissionMap",4,0,0,0,0,"white",0],["_DistortionStrength",2,1,0,0,0,"",0],["_DistortionBlend",3,0.5,0,1,0,"",0],["_SoftParticlesNearFadeDistance",2,0,0,0,0,"",0],["_SoftParticlesFarFadeDistance",2,1,0,0,0,"",0],["_CameraNearFadeDistance",2,1,0,0,0,"",0],["_CameraFarFadeDistance",2,2,0,0,0,"",0],["_Mode",2,0,0,0,0,"",1],["_ColorMode",2,0,0,0,0,"",1],["_FlipbookMode",2,0,0,0,0,"",1],["_LightingEnabled",2,0,0,0,0,"",1],["_DistortionEnabled",2,0,0,0,0,"",1],["_EmissionEnabled",2,0,0,0,0,"",1],["_BlendOp",2,0,0,0,0,"",1],["_SrcBlend",2,1,0,0,0,"",1],["_DstBlend",2,0,0,0,0,"",1],["_ZWrite",2,1,0,0,0,"",1],["_Cull",2,2,0,0,0,"",1],["_SoftParticlesEnabled",2,0,0,0,0,"",1],["_CameraFadingEnabled",2,0,0,0,0,"",1],["_SoftParticleFadeParams",1,0,0,0,0,"",1],["_CameraFadeParams",1,0,0,0,0,"",1],["_ColorAddSubDiff",1,0,0,0,0,"",1],["_DistortionStrengthScaled",2,0,0,0,0,"",1]],0,68,0,0,0]},{"id":104,"assetBundleId":-2,"data":[[],"Legacy Shaders/Transparent/VertexLit",null,["FOG_EXP","FOG_EXP2","FOG_LINEAR","POINT","SPOT","STEREO_CUBEMAP_RENDER_ON","STEREO_INSTANCING_ON","STEREO_MULTIVIEW_ON","UNITY_SINGLE_PASS_STEREO","_","__"],[[0,0,"",1,"",0,[4,null],[0,null],[2,null],[[5,null],[10,null],[0,null]],[[5,null],[10,null],[0,null]],[14,null],[0,null],[0,null],[0,null],[255,null],[255,null],[[0,null],[0,null],[0,null],[8,null]],[[0,null],[0,null],[0,null],[8,null]],[[0,null],[0,null],[0,null],[8,null]],[["IGNOREPROJECTOR","true"],["LIGHTMODE","Vertex"],["QUEUE","Transparent"],["RenderType","Transparent"]],["FOG_EXP","FOG_EXP2","FOG_LINEAR","POINT","SPOT","STEREO_CUBEMAP_RENDER_ON","STEREO_INSTANCING_ON","STEREO_MULTIVIEW_ON","UNITY_SINGLE_PASS_STEREO","_"],[],[],[],0],[1,0,"",2,"",0,[4,null],[0,null],[2,null],[[5,null],[10,null],[0,null]],[[5,null],[10,null],[0,null]],[14,null],[0,null],[0,null],[0,null],[255,null],[255,null],[[0,null],[0,null],[0,null],[8,null]],[[0,null],[0,null],[0,null],[8,null]],[[0,null],[0,null],[0,null],[8,null]],[["IGNOREPROJECTOR","true"],["LIGHTMODE","VertexLM"],["QUEUE","Transparent"],["RenderType","Transparent"]],["FOG_EXP","FOG_EXP2","FOG_LINEAR","STEREO_CUBEMAP_RENDER_ON","STEREO_INSTANCING_ON","STEREO_MULTIVIEW_ON","UNITY_SINGLE_PASS_STEREO","__"],[],[],[],0]],[],[["_Color",0,1,1,1,1,"",0],["_SpecColor",0,1,1,1,0,"",0],["_Emission",0,0,0,0,0,"",0],["_Shininess",3,0.699999988079071,0.100000001490116,1,0,"",0],["_MainTex",4,0,0,0,0,"white",0]],null,null,0,0,0]},{"id":106,"assetBundleId":-2,"data":[[],"Legacy Shaders/Transparent/Diffuse",null,["DIRECTIONAL","DIRLIGHTMAP_COMBINED","FOG_EXP","FOG_EXP2","FOG_LINEAR","LIGHTMAP_ON","LIGHTPROBE_SH","VERTEXLIGHT_ON","DIRECTIONAL_COOKIE","POINT","POINT_COOKIE","SPOT","DYNAMICLIGHTMAP_ON","INSTANCING_ON","LIGHTMAP_SHADOW_MIXING","STEREO_CUBEMAP_RENDER_ON","STEREO_INSTANCING_ON","STEREO_MULTIVIEW_ON","UNITY_SINGLE_PASS_STEREO","__"],[[0,0,"FORWARD",4,"",0,[4,null],[0,null],[2,null],[[5,null],[10,null],[0,null]],[[5,null],[10,null],[0,null]],[14,null],[0,null],[0,null],[0,null],[255,null],[255,null],[[0,null],[0,null],[0,null],[8,null]],[[0,null],[0,null],[0,null],[8,null]],[[0,null],[0,null],[0,null],[8,null]],[["IGNOREPROJECTOR","true"],["LIGHTMODE","FORWARDBASE"],["QUEUE","Transparent"],["RenderType","Transparent"]],["DIRECTIONAL","DIRLIGHTMAP_COMBINED","DYNAMICLIGHTMAP_ON","FOG_EXP","FOG_EXP2","FOG_LINEAR","INSTANCING_ON","LIGHTMAP_ON","LIGHTMAP_SHADOW_MIXING","LIGHTPROBE_SH","STEREO_CUBEMAP_RENDER_ON","STEREO_INSTANCING_ON","STEREO_MULTIVIEW_ON","UNITY_SINGLE_PASS_STEREO","VERTEXLIGHT_ON","__"],[],[[0,0,["DIRECTIONAL","LIGHTPROBE_SH"],8,9,0,0],[0,0,["DIRECTIONAL","LIGHTPROBE_SH"],10,11,1,0]],[],0],[1,0,"FORWARD",5,"",0,[4,null],[0,null],[2,null],[[5,null],[1,null],[0,null]],[[5,null],[1,null],[0,null]],[14,null],[0,null],[0,null],[0,null],[255,null],[255,null],[[0,null],[0,null],[0,null],[8,null]],[[0,null],[0,null],[0,null],[8,null]],[[0,null],[0,null],[0,null],[8,null]],[["IGNOREPROJECTOR","true"],["LIGHTMODE","FORWARDADD"],["QUEUE","Transparent"],["RenderType","Transparent"]],["DIRECTIONAL","DIRECTIONAL_COOKIE","FOG_EXP","FOG_EXP2","FOG_LINEAR","POINT","POINT_COOKIE","SPOT","STEREO_CUBEMAP_RENDER_ON","STEREO_INSTANCING_ON","STEREO_MULTIVIEW_ON","UNITY_SINGLE_PASS_STEREO","__"],[],[],[],0]],[],[["_Color",0,1,1,1,1,"",0],["_MainTex",4,0,0,0,0,"white",0]],0,104,0,0,0]},{"id":28,"assetBundleId":-2,"data":[[],"Sprites/Default",null,["PIXELSNAP_ON","ETC1_EXTERNAL_ALPHA","INSTANCING_ON","STEREO_CUBEMAP_RENDER_ON","STEREO_INSTANCING_ON","STEREO_MULTIVIEW_ON","UNITY_SINGLE_PASS_STEREO","_","__"],[[0,0,"",0,"",0,[4,null],[0,null],[0,null],[[1,null],[10,null],[0,null]],[[1,null],[10,null],[0,null]],[15,null],[0,null],[0,null],[0,null],[255,null],[255,null],[[0,null],[0,null],[0,null],[8,null]],[[0,null],[0,null],[0,null],[8,null]],[[0,null],[0,null],[0,null],[8,null]],[["CanUseSpriteAtlas","true"],["IGNOREPROJECTOR","true"],["PreviewType","Plane"],["QUEUE","Transparent"],["RenderType","Transparent"]],["ETC1_EXTERNAL_ALPHA","INSTANCING_ON","PIXELSNAP_ON","STEREO_CUBEMAP_RENDER_ON","STEREO_INSTANCING_ON","STEREO_MULTIVIEW_ON","UNITY_SINGLE_PASS_STEREO","_","__"],[],[[0,0,[],12,13,0,0],[0,0,[],14,15,1,0]],[],0]],[],[["_MainTex",4,0,0,0,0,"white",2],["_Color",0,1,1,1,1,"",0],["PixelSnap",2,0,0,0,0,"",0],["_RendererColor",0,1,1,1,1,"",1],["_Flip",1,1,1,1,1,"",1],["_AlphaTex",4,0,0,0,0,"white",2],["_EnableExternalAlpha",2,0,0,0,0,"",2]],null,null,0,0,0]},{"id":292,"assetBundleId":-2,"data":[[],"Mobile/Particles/Alpha Blended",null,["FOG_EXP","FOG_EXP2","FOG_LINEAR","STEREO_CUBEMAP_RENDER_ON","STEREO_INSTANCING_ON","STEREO_MULTIVIEW_ON","UNITY_SINGLE_PASS_STEREO","_"],[[0,0,"",0,"",0,[4,null],[0,null],[0,null],[[5,null],[10,null],[0,null]],[[5,null],[10,null],[0,null]],[15,null],[0,null],[0,null],[0,null],[255,null],[255,null],[[0,null],[0,null],[0,null],[8,null]],[[0,null],[0,null],[0,null],[8,null]],[[0,null],[0,null],[0,null],[8,null]],[["IGNOREPROJECTOR","true"],["PreviewType","Plane"],["QUEUE","Transparent"],["RenderType","Transparent"]],["FOG_EXP","FOG_EXP2","FOG_LINEAR","STEREO_CUBEMAP_RENDER_ON","STEREO_INSTANCING_ON","STEREO_MULTIVIEW_ON","UNITY_SINGLE_PASS_STEREO","_"],[],[[0,0,[],16,17,0,0],[0,0,[],18,19,1,0]],[],0]],[],[["_MainTex",4,0,0,0,0,"white",0]],null,null,0,0,0]},{"id":30,"assetBundleId":-2,"data":[[],"UI/Default",null,["UNITY_UI_ALPHACLIP","UNITY_UI_CLIP_RECT","STEREO_CUBEMAP_RENDER_ON","STEREO_INSTANCING_ON","STEREO_MULTIVIEW_ON","UNITY_SINGLE_PASS_STEREO","_"],[[0,0,"Default",0,"",0,[0,"unity_GUIZTestMode"],[0,null],[0,null],[[1,null],[10,null],[0,null]],[[1,null],[10,null],[0,null]],[0,"_ColorMask"],[0,null],[0,null],[0,"_Stencil"],[0,"_StencilReadMask"],[0,"_StencilWriteMask"],[[0,"_StencilOp"],[0,null],[0,null],[0,"_StencilComp"]],[[0,null],[0,null],[0,null],[8,null]],[[0,null],[0,null],[0,null],[8,null]],[["CanUseSpriteAtlas","true"],["IGNOREPROJECTOR","true"],["PreviewType","Plane"],["QUEUE","Transparent"],["RenderType","Transparent"]],["STEREO_CUBEMAP_RENDER_ON","STEREO_INSTANCING_ON","STEREO_MULTIVIEW_ON","UNITY_SINGLE_PASS_STEREO","UNITY_UI_ALPHACLIP","UNITY_UI_CLIP_RECT","_"],[],[[0,0,[],20,21,0,0],[0,0,[],22,23,1,0]],[],0]],[],[["_MainTex",4,0,0,0,0,"white",2],["_Color",0,1,1,1,1,"",0],["_StencilComp",2,8,0,0,0,"",0],["_Stencil",2,0,0,0,0,"",0],["_StencilOp",2,0,0,0,0,"",0],["_StencilWriteMask",2,255,0,0,0,"",0],["_StencilReadMask",2,255,0,0,0,"",0],["_ColorMask",2,15,0,0,0,"",0],["_UseUIAlphaClip",2,0,0,0,0,"",0]],null,null,0,0,0]},{"id":68,"assetBundleId":-2,"data":[[],"Legacy Shaders/VertexLit",null,["FOG_EXP","FOG_EXP2","FOG_LINEAR","POINT","SPOT","SHADOWS_DEPTH","STEREO_CUBEMAP_RENDER_ON","STEREO_INSTANCING_ON","STEREO_MULTIVIEW_ON","UNITY_SINGLE_PASS_STEREO","_","__","INSTANCING_ON","SHADOWS_CUBE"],[[0,0,"",1,"",0,[4,null],[1,null],[2,null],[[1,null],[0,null],[0,null]],[[1,null],[0,null],[0,null]],[15,null],[0,null],[0,null],[0,null],[255,null],[255,null],[[0,null],[0,null],[0,null],[8,null]],[[0,null],[0,null],[0,null],[8,null]],[[0,null],[0,null],[0,null],[8,null]],[["LIGHTMODE","Vertex"],["RenderType","Opaque"]],["FOG_EXP","FOG_EXP2","FOG_LINEAR","POINT","SPOT","STEREO_CUBEMAP_RENDER_ON","STEREO_INSTANCING_ON","STEREO_MULTIVIEW_ON","UNITY_SINGLE_PASS_STEREO","_"],[],[],[],0],[1,0,"",2,"",0,[4,null],[1,null],[2,null],[[1,null],[0,null],[0,null]],[[1,null],[0,null],[0,null]],[15,null],[0,null],[0,null],[0,null],[255,null],[255,null],[[0,null],[0,null],[0,null],[8,null]],[[0,null],[0,null],[0,null],[8,null]],[[0,null],[0,null],[0,null],[8,null]],[["LIGHTMODE","VertexLM"],["RenderType","Opaque"]],["FOG_EXP","FOG_EXP2","FOG_LINEAR","STEREO_CUBEMAP_RENDER_ON","STEREO_INSTANCING_ON","STEREO_MULTIVIEW_ON","UNITY_SINGLE_PASS_STEREO","__"],[],[],[],0],[2,0,"ShadowCaster",8,"",0,[4,null],[1,null],[2,null],[[1,null],[0,null],[0,null]],[[1,null],[0,null],[0,null]],[15,null],[0,null],[0,null],[0,null],[255,null],[255,null],[[0,null],[0,null],[0,null],[8,null]],[[0,null],[0,null],[0,null],[8,null]],[[0,null],[0,null],[0,null],[8,null]],[["LIGHTMODE","SHADOWCASTER"],["RenderType","Opaque"],["SHADOWSUPPORT","true"]],["INSTANCING_ON","SHADOWS_CUBE","SHADOWS_DEPTH","STEREO_CUBEMAP_RENDER_ON","STEREO_INSTANCING_ON","STEREO_MULTIVIEW_ON","UNITY_SINGLE_PASS_STEREO","__"],[],[],[],0]],[],[["_Color",0,1,1,1,1,"",0],["_SpecColor",0,1,1,1,1,"",0],["_Emission",0,0,0,0,0,"",0],["_Shininess",3,0.699999988079071,0.00999999977648258,1,0,"",0],["_MainTex",4,0,0,0,0,"white",0]],null,null,0,0,0]},{"id":48,"assetBundleId":-2,"data":[[],"Hidden/BlitCopy",null,["STEREO_CUBEMAP_RENDER_ON","STEREO_INSTANCING_ON","STEREO_MULTIVIEW_ON","UNITY_SINGLE_PASS_STEREO"],[[0,0,"",0,"",0,[8,null],[0,null],[0,null],[[1,null],[0,null],[0,null]],[[1,null],[0,null],[0,null]],[15,null],[0,null],[0,null],[0,null],[255,null],[255,null],[[0,null],[0,null],[0,null],[8,null]],[[0,null],[0,null],[0,null],[8,null]],[[0,null],[0,null],[0,null],[8,null]],[],["STEREO_CUBEMAP_RENDER_ON","STEREO_INSTANCING_ON","STEREO_MULTIVIEW_ON","UNITY_SINGLE_PASS_STEREO"],[],[],[],0]],[],[["_MainTex",4,0,0,0,0,"",0],["_Color",0,1,1,1,1,"",0]],null,null,0,0,0]}],"cubemaps":[{"id":26932,"type":2,"path":"Assets/00_CarConnectHiu/Scenes/EC1.unity/PrefilteredEnvironment.exr","assetBundleId":-2,"data":["",-1035082,8,0,128,0,2,[0,0,0.25,0.5,0,0.5,0.25,1,0.25,0,0.5,0.5,0.25,0.5,0.5,1,0.5,0,0.75,0.5,0.75,0,1,0.5,0.5,0.5,0.625,0.75,0.5,0.75,0.625,1,0.625,0.5,0.75,0.75,0.625,0.75,0.75,1,0.75,0.5,0.875,0.75,0.875,0.5,1,0.75,0.75,0.75,0.8125,0.875,0.75,0.875,0.8125,1,0.8125,0.75,0.875,0.875,0.8125,0.875,0.875,1,0.875,0.75,0.9375,0.875,0.9375,0.75,1,0.875,0.875,0.875,0.90625,0.9375,0.875,0.9375,0.90625,1,0.90625,0.875,0.9375,0.9375,0.90625,0.9375,0.9375,1,0.9375,0.875,0.96875,0.9375,0.96875,0.875,1,0.9375,0.9375,0.9375,0.953125,0.96875,0.9375,0.96875,0.953125,1,0.953125,0.9375,0.96875,0.96875,0.953125,0.96875,0.96875,1,0.96875,0.9375,0.984375,0.96875,0.984375,0.9375,1,0.96875,0.96875,0.96875,0.9765625,0.984375,0.96875,0.984375,0.9765625,1,0.9765625,0.96875,0.984375,0.984375,0.9765625,0.984375,0.984375,1,0.984375,0.96875,0.9921875,0.984375,0.9921875,0.96875,1,0.984375,0.984375,0.984375,0.98828125,0.9921875,0.984375,0.9921875,0.98828125,1,0.98828125,0.984375,0.9921875,0.9921875,0.98828125,0.9921875,0.9921875,1,0.9921875,0.984375,0.99609375,0.9921875,0.99609375,0.984375,1,0.9921875,0.9921875,0.9921875,0.994140625,0.99609375,0.9921875,0.99609375,0.994140625,1,0.994140625,0.9921875,0.99609375,0.99609375,0.994140625,0.99609375,0.99609375,1,0.99609375,0.9921875,0.998046875,0.99609375,0.998046875,0.9921875,1,0.99609375],1,1]}],"resources":[{"id":0,"assetBundleId":-2,"data":[[["unity_builtin_extra",0,28],["unity_builtin_extra",21,438],["unity_builtin_extra",0,174],["unity_builtin_extra",0,292],["unity_builtin_extra",0,106],["unity_builtin_extra",0,108],["unity_builtin_extra",0,176],["unity_builtin_extra",0,150],["unity_builtin_extra",21,688],["unity_builtin_extra",0,30],["dotweensettings",36,26738]],[]]}],"project-settings":[{"id":-1,"assetBundleId":-2,"data":[[["UnityEngine.EventSystems.EventSystem",-1000],["UnityEngine.UI.ToggleGroup",10],["TMPro.TextMeshPro",-105],["TMPro.TextMeshProUGUI",-100],["TMPro.TextContainer",-110]],[[0,"Default",0]],[[0,"Default"],[1,"TransparentFX"],[2,"Ignore Raycast"],[4,"Water"],[5,"UI"],[6,"StickMan"],[7,"Car"]],[0.0199999995529652,0.333333343267441,1,0.0299999993294477],[0,-9.8100004196167,0,6,2,0,1,[[0,0,0],[0,0,1],[0,0,2],[0,0,4],[0,0,5],[0,0,6],[0,0,7],[0,1,0],[0,1,1],[0,1,2],[0,1,4],[0,1,5],[0,1,6],[0,1,7],[0,2,0],[0,2,1],[0,2,2],[0,2,4],[0,2,5],[0,2,6],[0,2,7],[0,4,0],[0,4,1],[0,4,2],[0,4,4],[0,4,5],[0,4,6],[0,4,7],[0,5,0],[0,5,1],[0,5,2],[0,5,4],[0,5,5],[0,5,6],[0,5,7],[0,6,0],[0,6,1],[0,6,2],[0,6,4],[0,6,5],[0,6,6],[0,6,7],[0,7,0],[0,7,1],[0,7,2],[0,7,4],[0,7,5],[0,7,6],[0,7,7]]],[null,null,0,-9.8100004196167,3,8,1,0.200000002980232,8,100,360,0.200000002980232,0.75,0.5,0.00999999977648258,2,0.00999999977648258,1,1,1,1,1,0,[[0,0,0],[0,0,1],[0,0,2],[0,0,4],[0,0,5],[0,0,6],[0,0,7],[0,1,0],[0,1,1],[0,1,2],[0,1,4],[0,1,5],[0,1,6],[0,1,7],[0,2,0],[0,2,1],[0,2,2],[0,2,4],[0,2,5],[0,2,6],[0,2,7],[0,4,0],[0,4,1],[0,4,2],[0,4,4],[0,4,5],[0,4,6],[0,4,7],[0,5,0],[0,5,1],[0,5,2],[0,5,4],[0,5,5],[0,5,6],[0,5,7],[0,6,0],[0,6,1],[0,6,2],[0,6,4],[0,6,5],[0,6,6],[0,6,7],[0,7,0],[0,7,1],[0,7,2],[0,7,4],[0,7,5],[0,7,6],[0,7,7]]],[[[[],["Very Low","Low","Medium","High","Very High","Ultra"],0,0,0,0.300000011920929,1,15,0,1,0,0,0,0,0,1,2,4,0,0,0.333333343267441,0.0666666701436043,0.200000002980232,0.466666668653488,0,0,16,2,0,3,512,0,1,2,512,1,1024,0],[[],["Very Low","Low","Medium","High","Very High","Ultra"],0,0,0,0.400000005960464,1,20,0,1,0,0,0,0,0,0,2,16,0,0,0.333333343267441,0.0666666701436043,0.200000002980232,0.466666668653488,0,0,16,2,0,3,512,0,1,2,512,1,1024,1],[[],["Very Low","Low","Medium","High","Very High","Ultra"],1,1,0,0.699999988079071,1,20,0,1,0,0,0,0,0,0,2,64,1,0,0.333333343267441,0.0666666701436043,0.200000002980232,0.466666668653488,0,1,16,2,0,3,512,0,1,2,512,1,1024,2],[[],["Very Low","Low","Medium","High","Very High","Ultra"],2,1,0,1,2,40,1,1,1,0,1,0,0,0,2,256,2,1,0.333333343267441,0.0666666701436043,0.200000002980232,0.466666668653488,0,1,16,2,1,3,512,0,1,2,512,1,1024,3],[[],["Very Low","Low","Medium","High","Very High","Ultra"],2,2,2,1.5,2,70,1,1,2,1,1,0,0,0,2,1024,3,1,0.333333343267441,0.0666666701436043,0.200000002980232,0.466666668653488,0,1,16,2,1,3,512,0,1,2,512,1,1024,4],[[],["Very Low","Low","Medium","High","Very High","Ultra"],2,2,2,2,4,150,1,1,2,1,1,0,0,0,2,4096,4,1,0.333333343267441,0.0666666701436043,0.200000002980232,0.466666668653488,0,1,16,2,1,3,512,0,1,2,512,1,1024,5]],["Very Low","Low","Medium","High","Very High","Ultra"],2,2,2,2,4,150,1,1,2,1,1,0,0,0,2,4096,4,1,0.333333343267441,0.0666666701436043,0.200000002980232,0.466666668653488,0,1,16,2,1,3,512,0,1,2,512,1,1024,5],0,0,0,2,0,["Untagged","Respawn","Finish","EditorOnly","MainCamera","Player","GameController","StickMan","Car","Tutorial","TutorialMask","PairMatchItem","Gas","Barrier","Wall","ActiveShipPosition","Container"]]}]}